{
  "results": [
    {
      "nx": 17,
      "ny": 17,
      "iterations": 1,
      "runtime_s": 0.00019598007202148438,
      "linf_residual": 20.118492164374665,
      "l2_error": 0.47965956286864836,
      "linf_error": 1.0192765710958775,
      "h": 0.0625
    },
    {
      "nx": 33,
      "ny": 33,
      "iterations": 1,
      "runtime_s": 0.00019359588623046875,
      "linf_residual": 19.834258487835783,
      "l2_error": 0.48718503892071247,
      "linf_error": 1.0048191427739694,
      "h": 0.03125
    }
  ],
  "pairwise_L2_order": [
    -0.006760835651618502
  ]
}