{
  "jacobi": {
    "best_time": 1.0339505672454834,
    "mean_time": 1.0679097175598145,
    "iters": 8000
  },
  "sor": {
    "best_time": 53.55114388465881,
    "mean_time": 56.18957646687826,
    "iters": 2601
  },
  "mg": {
    "best_time": 152.073664188385,
    "mean_time": 192.94752621650696,
    "iters": 178080
  }
}