{
  "results": [
    {
      "nx": 17,
      "ny": 17,
      "iterations": 1104,
      "runtime_s": 0.06556034088134766,
      "linf_residual": 9.839247638865345e-09,
      "l2_error": 0.0015148065600077314,
      "linf_error": 0.003218963940016417,
      "h": 0.0625
    },
    {
      "nx": 33,
      "ny": 33,
      "iterations": 4435,
      "runtime_s": 0.3513469696044922,
      "linf_residual": 9.959528313174815e-09,
      "l2_error": 0.0003896131754662783,
      "linf_error": 0.0008035771743994946,
      "h": 0.03125
    }
  ],
  "pairwise_L2_order": [
    1.9590192034001075
  ]
}